{
    "$schema": "https://schema.management.azure.com/schemas/2015-01-01/deploymentParameters.json#",
    "contentVersion": "1.0.0.0",
    "parameters": {
        "extensions_enablevmAccess_username": {
            "value": null
        },
        "extensions_enablevmAccess_password": {
            "value": null
        },
        "extensions_enablevmAccess_ssh_key": {
            "value": null
        },
        "extensions_enablevmAccess_reset_ssh": {
            "value": null
        },
        "extensions_enablevmAccess_remove_user": {
            "value": null
        },
        "extensions_enablevmAccess_expiration": {
            "value": null
        },
        "virtualMachines_ProductionServer_name": {
            "value": null
        },
        "disks_ProductionServer_OsDisk_1_39eca30aa74e41a9a57c36b0125b958c_externalid": {
            "value": null
        },
        "networkInterfaces_productionserver335_z1_externalid": {
            "value": null
        }
    }
}