{
    "$schema": "https://schema.management.azure.com/schemas/2015-01-01/deploymentParameters.json#",
    "contentVersion": "1.0.0.0",
    "parameters": {
        "extensions_enablevmAccess_username": {
            "value": null
        },
        "extensions_enablevmAccess_password": {
            "value": null
        },
        "extensions_enablevmAccess_ssh_key": {
            "value": null
        },
        "extensions_enablevmAccess_reset_ssh": {
            "value": null
        },
        "extensions_enablevmAccess_remove_user": {
            "value": null
        },
        "extensions_enablevmAccess_expiration": {
            "value": null
        },
        "virtualMachines_JenkinsSV_name": {
            "value": null
        },
        "disks_JenkinsSV_OsDisk_1_c7ef6b763a0c4a748cca8abae3f2e04a_externalid": {
            "value": null
        },
        "networkInterfaces_jenkinssv67_z1_externalid": {
            "value": null
        }
    }
}